variant,display,full_name,LV_dice,MYO_dice,MI_dice,MI_path_dice,MVO_dice,LV_hd95,MYO_hd95,MI_hd95,MI_recall,LV_iou,MYO_iou,MI_iou,params_M,inference_ms
M1,Baseline 3D U-Net,3D U-Net baseline,0.9108818517763513,0.7411368159279993,0.5556548727841022,0.4407631431276721,0.3922122326695031,6.358832533725335,9.04304227411336,39.98659335626675,0.6192487806128087,0.837668478872653,0.59708330044773,0.4606236142856212,46.579769,72.85435678964868
M2,AFDD-Net-F,AFDD-Net-F (factorized conv),0.9074987295108954,0.7310332852622476,0.47061665939153147,0.41962525566106035,0.3551127819548872,5.694662322204669,9.545419654058119,57.63854923071451,0.5801347323200549,0.8319203701720191,0.5838467074266481,0.37497210953132953,11.521529,66.16155235390914
M3,AFDD-Net-D,AFDD-Net-D (dual decoder),0.9028504581507579,0.7635317063110922,0.41249586312452846,0.4370187664549614,0.2679718027272808,6.144556333357251,8.883355043141098,81.73790163510483,0.4569569050078088,0.8255428196860068,0.6224292174310847,0.31593237013534725,16.058893,80.30821560020732
M4,AFDD-Net-T,AFDD-Net-T (Focal Tversky),0.9078266992202803,0.763086429417368,0.3461730989287167,0.44245273678498015,0.24752511909145536,5.416867547667185,8.917007691529246,102.18122361611361,0.4272687359412773,0.8324716448541809,0.6215965957114645,0.24683859035556738,16.058893,76.9859138168488
M5,AFDD-Net,AFDD-Net (full proposed),0.9124780584664682,0.7785472847400718,0.44481272134640826,0.43612615868968324,0.39111095124221607,5.578256946004879,7.754049425550713,79.55649533070338,0.4919705146602179,0.8400464930125671,0.6417044796624095,0.35002311642956446,16.09179,79.77501781363237
UNET,UNet,3D UNet (MONAI),0.8551678116220669,0.6042873570666416,0.2827256520420272,0.22281455850682014,0.5701503759398496,10.505907031191338,16.244575587394237,85.0371843543408,0.33345313607036553,0.7571510955655235,0.4447800335263879,0.2236251228839941,19.222686,52.22267612180017
SEGRESNET,SegResNet,SegResNet (MONAI),0.8989465514931693,0.6591029769994428,0.4110868872401725,0.2567764959971308,0.6012030075187971,7.364870690889982,12.704440403587588,88.18461809061509,0.501157606561573,0.8183762047747594,0.5003699928567154,0.3468910622644788,4.700965,54.82855771119732
SWINUNETR,SwinUNETR,SwinUNETR (MONAI),0.8365417283146319,0.6669573147776753,0.23989038153305856,0.2829402476266515,0.4749702873578162,10.284917374294256,15.224582123901595,113.04031416527248,0.34836504175945693,0.7359620648786676,0.511415054561889,0.1666553146478328,15.703078999999999,94.42265083317768
DYNUNET,DynUNet,DynUNet (MONAI),0.8893402565879587,0.6380067152896338,0.29739811182673825,0.30767599058773615,0.48699248120300753,8.09021265969463,14.038003244096,93.02314688067368,0.40709642649416605,0.8050339349052313,0.4789853975673449,0.22146239858971048,22.572037,61.482014853255194
